Row,Title,Year,Genre,imdbRating,Actors,BoxOffice
1,10 Things I Hate About You,1999,Comedy, Drama, Romance,7.4,Heath Ledger, Julia Stiles, Joseph Gordon-Levitt,$38,178,166
2,12 Angry Men,1957,Crime, Drama,9.0,Henry Fonda, Lee J. Cobb, Martin Balsam,
3,10 Cloverfield Lane,2016,Drama, Horror, Sci-Fi,7.2,John Goodman, Mary Elizabeth Winstead, John Gallagher Jr.,$72,082,998
4,13 Going On 30,2004,Comedy, Fantasy, Romance,6.3,Jennifer Garner, Mark Ruffalo, Judy Greer,$57,231,747
5,2 Guns,2013,Action, Comedy, Crime,6.7,Denzel Washington, Mark Wahlberg, Paula Patton,$75,612,460
6,2001: A Space Odyssey,1968,Adventure, Sci-Fi,8.3,Keir Dullea, Gary Lockwood, William Sylvester,$60,481,243
7,2012,2009,Action, Adventure, Sci-Fi,5.8,John Cusack, Thandiwe Newton, Chiwetel Ejiofor,$166,112,167
8,21,2008,Crime, Drama, Thriller,6.8,Jim Sturgess, Kate Bosworth, Kevin Spacey,$81,159,365
9,21 Jump Street,2012,Action, Comedy, Crime,7.2,Jonah Hill, Channing Tatum, Ice Cube,$138,447,667
10,300,2006,Action, Drama,7.6,Gerard Butler, Lena Headey, David Wenham,$210,629,101
11,3:10 to Yuma,2007,Action, Crime, Drama,7.6,Russell Crowe, Christian Bale, Ben Foster,$53,606,916
12,Four Brothers,2005,Action, Crime, Drama,6.8,Mark Wahlberg, Tyrese Gibson, André 3000,$74,494,381
13,47 Meters Down,2017,Horror, Mystery, Thriller,5.6,Mandy Moore, Claire Holt, Matthew Modine,$44,307,191
14,50 First Dates,2004,Comedy, Drama, Romance,6.8,Adam Sandler, Drew Barrymore, Rob Schneider,$120,908,074
15,Six Days Seven Nights,1998,Action, Adventure, Comedy,5.9,Harrison Ford, Anne Heche, David Schwimmer,$74,339,294
16,Seven Pounds,2008,Drama, Mystery, Thriller,7.6,Will Smith, Rosario Dawson, Woody Harrelson,$69,951,824
17,8 Mile,2002,Drama, Music,7.2,Eminem, Brittany Murphy, Kim Basinger,$116,750,901
18,A Beautiful Mind,2001,Biography, Drama, Mystery,8.2,Russell Crowe, Ed Harris, Jennifer Connelly,$170,742,341
19,A Bronx Tale,1993,Crime, Drama,7.8,Robert De Niro, Chazz Palminteri, Lillo Brancato,$17,287,898
20,A Few Good Men,1992,Drama, Thriller,7.7,Tom Cruise, Jack Nicholson, Demi Moore,$141,340,178
21,A League Of Their Own,1992,Comedy, Drama, Sport,7.4,Tom Hanks, Geena Davis, Lori Petty,$107,533,928
22,A Perfect Murder,1998,Crime, Drama, Thriller,6.6,Michael Douglas, Gwyneth Paltrow, Viggo Mortensen,$67,638,368
23,A Time To Kill,1996,Crime, Drama, Thriller,7.5,Matthew McConaughey, Sandra Bullock, Samuel L. Jackson,$108,766,007
24,A Walk To Remember,2002,Drama, Romance,7.3,Mandy Moore, Shane West, Peter Coyote,$41,281,092
25,Ace Ventura: Pet Detective,1994,Comedy,6.9,Jim Carrey, Courteney Cox, Sean Young,$72,217,396
26,Air Force One,1997,Action, Crime, Drama,6.5,Harrison Ford, Gary Oldman, Glenn Close,$172,956,409
27,Aliens,1986,Action, Adventure, Horror,8.4,Sigourney Weaver, Michael Biehn, Carrie Henn,$85,160,248
28,Almost Heroes,1998,Adventure, Comedy, Western,5.8,Chris Farley, Matthew Perry, Bokeem Woodbine,$6,136,856
29,Along Came Polly,2004,Comedy, Romance,6.0,Ben Stiller, Jennifer Aniston, Debra Messing,$88,097,164
30,Alpha Dog,2006,Biography, Crime, Drama,6.9,Emile Hirsch, Justin Timberlake, Anton Yelchin,$15,309,602
31,Ambulance,2022,Action, Crime, Drama,6.1,Jake Gyllenhaal, Yahya Abdul-Mateen II, Eiza González,$22,781,115
32,American Gangster,2007,Biography, Crime, Drama,7.8,Denzel Washington, Russell Crowe, Chiwetel Ejiofor,$130,164,645
33,American History X,1998,Crime, Drama,8.5,Edward Norton, Edward Furlong, Beverly D'Angelo,$6,719,864
34,American Hustle,2013,Crime, Drama,7.2,Christian Bale, Amy Adams, Bradley Cooper,$150,117,807
35,American Pie,1999,Comedy,7.0,Jason Biggs, Chris Klein, Thomas Ian Nicholas,$102,561,004
36,Anaconda,1997,Action, Adventure, Horror,4.9,Jon Voight, Jennifer Lopez, Eric Stoltz,$65,885,767
37,Anacondas: The Hunt for the Blood Orchid,2004,Action, Adventure, Horror,4.8,Morris Chestnut, KaDee Strickland, Eugene Byrd,$32,238,923
38,Analyze That,2002,Comedy, Crime,5.9,Robert De Niro, Billy Crystal, Lisa Kudrow,$32,130,627
39,Analyze This,1999,Comedy, Crime,6.7,Robert De Niro, Billy Crystal, Lisa Kudrow,$106,885,658
40,Anchorman,2009,Short,5.8,Marco Di Francisca,
41,Another 48 Hours.,,,NOT FOUND: Movie not found!,,
42,Any Given Sunday,1999,Drama, Sport,6.9,Al Pacino, Dennis Quaid, Cameron Diaz,$75,530,832
43,Argo,2012,Biography, Drama, History,7.7,Ben Affleck, Bryan Cranston, John Goodman,$136,025,503
44,Armageddon,1998,Action, Adventure, Sci-Fi,6.7,Bruce Willis, Billy Bob Thornton, Ben Affleck,$201,578,182
45,Austin Powers,1997,Adventure, Comedy,7.0,Mike Myers, Elizabeth Hurley, Michael York,$53,911,748
46,Avatar,2009,Action, Adventure, Fantasy,7.9,Sam Worthington, Zoe Saldaña, Sigourney Weaver,$785,221,649
47,Babel,2006,Drama,7.5,Brad Pitt, Cate Blanchett, Gael García Bernal,$34,302,837
48,Back To School,1986,Comedy, Romance, Sport,6.7,Rodney Dangerfield, Sally Kellerman, Burt Young,$91,258,000
49,Back To The Future,1985,Adventure, Comedy, Sci-Fi,8.5,Michael J. Fox, Christopher Lloyd, Lea Thompson,$222,476,852
50,Bad Boys,1995,Action, Comedy, Crime,6.8,Will Smith, Martin Lawrence, Lisa Boyle,$65,807,024
51,Bad Boys II,2003,Action, Comedy, Crime,6.6,Will Smith, Martin Lawrence, Gabrielle Union,$138,608,444
52,Batman Begins,2005,Action, Crime, Drama,8.2,Christian Bale, Michael Caine, Ken Watanabe,$206,863,479
53,Battleship,2012,Action, Adventure, Sci-Fi,5.8,Alexander Skarsgård, Brooklyn Decker, Liam Neeson,$65,422,625
54,Baywatch,2017,Action, Comedy, Crime,5.5,Dwayne Johnson, Zac Efron, Alexandra Daddario,$58,060,186
55,Bedazzled,2000,Comedy, Fantasy,6.1,Brendan Fraser, Elizabeth Hurley, Frances O'Connor,$37,886,980
56,Beverly Hills Cop,1984,Action, Comedy, Crime,7.4,Eddie Murphy, Judge Reinhold, John Ashton,$234,760,478
57,Big Momma's House,2000,Action, Comedy, Crime,5.3,Martin Lawrence, Nia Long, Paul Giamatti,$117,559,438
58,Blade,1998,Action, Horror, Sci-Fi,7.1,Wesley Snipes, Stephen Dorff, Kris Kristofferson,$70,087,718
59,Blades Of Glory,2007,Comedy, Sport,6.3,Will Ferrell, Jon Heder, Amy Poehler,$118,594,548
60,Blank Check,1994,Comedy, Crime, Family,5.3,Brian Bonsall, Karen Duffy, James Rebhorn,$30,577,969
61,Blink Twice,2024,Mystery, Thriller,6.5,Naomi Ackie, Channing Tatum, Alia Shawkat,$23,093,906
62,Blood Diamond,2006,Adventure, Drama, Thriller,8.0,Leonardo DiCaprio, Djimon Hounsou, Jennifer Connelly,$57,377,916
63,Blow,2001,Biography, Crime, Drama,7.5,Johnny Depp, Penélope Cruz, Franka Potente,$52,990,775
64,Blue Streak,1999,Action, Comedy, Crime,6.4,Martin Lawrence, Luke Wilson, Peter Greene,$68,518,533
65,Bodies Bodies Bodies,2022,Comedy, Horror, Mystery,6.2,Amandla Stenberg, Maria Bakalova, Myha'la,$11,446,602
66,Boogie Nights,1997,Drama,7.9,Mark Wahlberg, Julianne Moore, Burt Reynolds,$26,416,349
67,Boyz N The Hood,1991,Crime, Drama,7.8,Cuba Gooding Jr., Laurence Fishburne, Hudhail Al-Amir,$57,504,069
68,Braveheart,1995,Biography, Drama, War,8.3,Mel Gibson, Sophie Marceau, Patrick McGoohan,$75,609,945
69,Brick Mansions,2014,Action, Crime, Thriller,5.6,Paul Walker, David Belle, RZA,$20,396,829
70,Bring It On,2000,Comedy, Romance, Sport,6.2,Kirsten Dunst, Eliza Dushku, Jesse Bradford,$68,379,000
71,Broken Arrow,1996,Action, Adventure, Thriller,6.1,John Travolta, Christian Slater, Samantha Mathis,$70,770,147
72,Broken City,2013,Action, Crime, Drama,6.1,Mark Wahlberg, Russell Crowe, Catherine Zeta-Jones,$19,701,164
73,Cape Fear,1991,Crime, Thriller,7.3,Robert De Niro, Nick Nolte, Jessica Lange,$79,091,969
74,Captain Phillips,2013,Action, Biography, Crime,7.8,Tom Hanks, Barkhad Abdi, Barkhad Abdirahman,$107,100,855
75,Carry-On,2024,Action, Crime, Thriller,6.5,Taron Egerton, Jason Bateman, Sofia Carson,
76,Casino,1995,Crime, Drama,8.2,Robert De Niro, Sharon Stone, Joe Pesci,$42,512,375
77,Cast Away,2000,Adventure, Drama, Romance,7.8,Tom Hanks, Helen Hunt, Paul Sanchez,$233,632,142
78,Cellular,2004,Action, Crime, Thriller,6.5,Kim Basinger, Chris Evans, Jason Statham,$32,003,620
79,Chain Reaction,1996,Action, Drama, Sci-Fi,5.7,Keanu Reeves, Morgan Freeman, Rachel Weisz,$21,226,204
80,Cherokee Kid,1996,Comedy, Western,6.0,Sinbad, James Coburn, Gregory Hines,
81,Chronicle,2012,Adventure, Drama, Sci-Fi,7.0,Dane DeHaan, Alex Russell, Michael B. Jordan,$64,575,175
82,Cinderella Man,2005,Biography, Drama, Romance,8.0,Russell Crowe, Renée Zellweger, Craig Bierko,$61,649,911
83,Clear And Present Danger,1994,Action, Crime, Drama,6.9,Harrison Ford, Willem Dafoe, Anne Archer,$122,187,717
84,Click,2006,Comedy, Drama, Fantasy,6.4,Adam Sandler, Kate Beckinsale, Christopher Walken,$137,355,633
85,Cliffhanger,1993,Action, Adventure, Thriller,6.5,Sylvester Stallone, John Lithgow, Michael Rooker,$84,049,211
86,Cloverfield,2008,Action, Horror, Sci-Fi,7.0,Mike Vogel, Jessica Lucas, Lizzy Caplan,$80,048,433
87,Clueless,1995,Comedy, Romance,6.9,Alicia Silverstone, Stacey Dash, Brittany Murphy,$56,631,572
88,Coach Carter,2005,Biography, Drama, Sport,7.3,Samuel L. Jackson, Rob Brown, Robert Ri'chard,$67,264,877
89,Collateral,2004,Action, Crime, Drama,7.5,Tom Cruise, Jamie Foxx, Jada Pinkett Smith,$101,005,703
90,Commando,1985,Action, Adventure, Thriller,6.7,Arnold Schwarzenegger, Rae Dawn Chong, Dan Hedaya,$35,100,000
91,Con Air,1997,Action, Crime, Thriller,6.9,Nicolas Cage, John Cusack, John Malkovich,$101,117,573
92,Congo,1995,Action, Adventure, Mystery,5.3,Laura Linney, Tim Curry, Dylan Walsh,$81,022,101
93,Contact,1997,Drama, Mystery, Sci-Fi,7.5,Jodie Foster, Matthew McConaughey, Tom Skerritt,$100,920,329
94,Contraband,2012,Action, Adventure, Crime,6.4,Mark Wahlberg, Giovanni Ribisi, Kate Beckinsale,$66,528,000
95,Cop Land,1997,Crime, Drama, Thriller,7.0,Sylvester Stallone, Harvey Keitel, Ray Liotta,$44,862,187
96,Couples Retreat,2009,Comedy,5.5,Vince Vaughn, Malin Akerman, Jon Favreau,$109,204,945
97,Courage Under Fire,1996,Action, Drama, Mystery,6.6,Denzel Washington, Meg Ryan, Lou Diamond Phillips,$59,031,057
98,Cowboys & Aliens,2011,Action, Drama, Sci-Fi,6.0,Daniel Craig, Harrison Ford, Olivia Wilde,$100,240,551
99,Crank,2006,Action, Crime, Thriller,6.9,Jason Statham, Amy Smart, Carlos Sanz,$27,838,408
100,Creed,2015,Action, Drama, Sport,7.6,Michael B. Jordan, Sylvester Stallone, Tessa Thompson,$109,778,883
101,Crimson Tide,1995,Action, Drama, Thriller,7.4,Denzel Washington, Gene Hackman, Matt Craven,$91,387,195
102,Crocodile Dundee,1986,Adventure, Comedy,6.6,Paul Hogan, Linda Kozlowski, John Meillon,$174,803,506
103,Cube,1997,Horror, Mystery, Sci-Fi,7.1,Nicole de Boer, Maurice Dean Wint, David Hewlett,$501,818
104,Daddy's Home,2015,Comedy, Family,6.2,Will Ferrell, Mark Wahlberg, Linda Cardellini,$150,357,137
105,Daddy's Little Girls,2007,Drama, Romance,5.9,Gabrielle Union, Idris Elba, Tracee Ellis Ross,$31,366,978
106,Dante's Peak,1997,Action, Adventure, Thriller,6.1,Pierce Brosnan, Linda Hamilton, Jamie Renée Smith,$67,127,760
107,Date Night,2010,Comedy, Crime, Romance,6.3,Steve Carell, Tina Fey, Mark Wahlberg,$98,711,404
108,Daylight,1996,Action, Adventure, Drama,6.0,Sylvester Stallone, Amy Brenneman, Viggo Mortensen,$33,023,469
109,Deadpool,2016,Action, Comedy, Sci-Fi,8.0,Ryan Reynolds, Morena Baccarin, T.J. Miller,$363,070,709
110,Deep Blue Sea,1999,Action, Adventure, Sci-Fi,5.9,Thomas Jane, Saffron Burrows, Samuel L. Jackson,$73,648,142
111,Deep Impact,1998,Action, Drama, Sci-Fi,6.3,Robert Duvall, Téa Leoni, Elijah Wood,$140,464,664
112,Deep Rising,1998,Action, Adventure, Horror,6.1,Treat Williams, Famke Janssen, Anthony Heald,$11,203,026
113,Demolition Man,1993,Action, Sci-Fi, Thriller,6.7,Sylvester Stallone, Wesley Snipes, Sandra Bullock,$58,055,768
114,Dennis The Menace,1993,Comedy, Family,5.7,Walter Matthau, Mason Gamble, Joan Plowright,$51,270,765
115,Die Hard With A Vengeance,1995,Action, Adventure, Thriller,7.6,Bruce Willis, Jeremy Irons, Samuel L. Jackson,$100,012,499
116,Diehard,2020,Short, Action,7.1,Clarence Gilyard Jr., Joseph Plewa, De'voreaux White,
117,District 9,2009,Action, Sci-Fi, Thriller,7.9,Sharlto Copley, David James, Jason Cope,$115,646,235
118,Disturbia,2007,Crime, Drama, Mystery,6.8,Shia LaBeouf, David Morse, Carrie-Anne Moss,$80,209,692
119,Django,1966,Action, Drama, Western,7.2,Franco Nero, José Canalejas, José Bódalo,$25,916
120,Double Jeopardy,1999,Crime, Drama, Mystery,6.5,Ashley Judd, Tommy Lee Jones, Bruce Greenwood,$116,741,558
121,Drag Me To Hell,2009,Horror,6.6,Alison Lohman, Justin Long, Ruth Livier,$42,100,625
122,Dune,1984,Action, Adventure, Sci-Fi,6.3,Kyle MacLachlan, Virginia Madsen, Francesca Annis,$31,439,560
123,Dunston Checks In,1996,Adventure, Comedy, Family,5.4,Jason Alexander, Faye Dunaway, Eric Lloyd,$9,871,065
124,Edge Of Tomorrow,2014,Action, Adventure, Sci-Fi,7.9,Tom Cruise, Emily Blunt, Bill Paxton,$100,206,256
125,Ender's Game,2013,Action, Adventure, Sci-Fi,6.6,Harrison Ford, Asa Butterfield, Hailee Steinfeld,$61,737,191
126,Enemy Of The State,1998,Action, Thriller,7.3,Will Smith, Gene Hackman, Jon Voight,$111,549,836
127,Enough,2002,Crime, Drama, Thriller,5.8,Jennifer Lopez, Billy Campbell, Tessa Allen,$40,007,742
128,Entrapment,1999,Action, Crime, Romance,6.3,Sean Connery, Catherine Zeta-Jones, Ving Rhames,$87,704,396
129,Escape From L.A.,1996,Action, Adventure, Sci-Fi,5.7,Kurt Russell, Steve Buscemi, Stacy Keach,$25,477,365
130,Escape Room,2019,Action, Adventure, Horror,6.4,Taylor Russell, Logan Miller, Jay Ellis,$57,005,601
131,Event Horizon,1997,Horror, Sci-Fi, Thriller,6.6,Laurence Fishburne, Sam Neill, Kathleen Quinlan,$26,673,242
132,Everything Everywhere All At Once,2022,Action, Adventure, Comedy,7.7,Michelle Yeoh, Stephanie Hsu, Jamie Lee Curtis,$77,191,785
133,Exam,2009,Crime, Mystery, Thriller,6.7,Adar Beck, Luke Mably, Gemma Chan,
134,Executive Decision,1996,Action, Adventure, Thriller,6.5,Kurt Russell, Halle Berry, Steven Seagal,$56,569,216
135,Eye For An Eye,1996,Crime, Drama, Thriller,6.2,Sally Field, Kiefer Sutherland, Ed Harris,$26,877,589
136,Eyes Wide Shut,1999,Drama, Mystery, Thriller,7.5,Tom Cruise, Nicole Kidman, Madison Eginton,$55,691,208
137,Face/Off,1997,Action, Crime, Sci-Fi,7.3,John Travolta, Nicolas Cage, Joan Allen,$112,276,146
138,Fantasy Island,2020,Fantasy, Horror, Mystery,4.9,Michael Peña, Maggie Q, Lucy Hale,$27,309,289
139,Fargo,1996,Crime, Drama, Thriller,8.1,William H. Macy, Frances McDormand, Steve Buscemi,$24,611,975
140,Fast Five,2011,Action, Crime, Thriller,7.3,Vin Diesel, Paul Walker, Dwayne Johnson,$209,837,675
141,Faster,2010,Action, Crime, Drama,6.4,Dwayne Johnson, Billy Bob Thornton, Maggie Grace,$23,240,020
142,Father Of The Bride,1991,Comedy, Family, Romance,6.6,Steve Martin, Diane Keaton, Martin Short,$89,325,780
143,Fear,1996,Drama, Thriller,6.2,Mark Wahlberg, Reese Witherspoon, William Petersen,$20,831,000
144,Ferris Bueller's Day Off,1986,Comedy,7.8,Matthew Broderick, Alan Ruck, Mia Sara,$70,136,369
145,Field Of Dreams,1989,Drama, Family, Fantasy,7.5,Kevin Costner, James Earl Jones, Ray Liotta,$64,532,235
146,Fight Club,1999,Crime, Drama, Thriller,8.8,Brad Pitt, Edward Norton, Meat Loaf,$37,030,102
147,First Kid,1996,Comedy, Family,5.3,Sinbad, Brock Pierce, Blake Boyd,$26,491,793
148,First Knight,1995,Action, Adventure, Drama,6.0,Sean Connery, Richard Gere, Julia Ormond,$37,600,435
149,Five Nights at Freddy's,2023,Horror, Mystery, Thriller,5.4,Josh Hutcherson, Piper Rubio, Elizabeth Lail,$137,275,620
150,Focus,2015,Comedy, Crime, Drama,6.6,Will Smith, Margot Robbie, Rodrigo Santoro,$53,862,963
151,Fools Rush In,1997,Comedy, Drama, Romance,6.1,Matthew Perry, Salma Hayek, Jon Tenney,$29,481,428
152,For Love Of The Game,1999,Drama, Romance, Sport,6.6,Kevin Costner, Kelly Preston, John C. Reilly,$35,188,640
153,Forrest Gump,1994,Drama, Romance,8.8,Tom Hanks, Robin Wright, Gary Sinise,$330,455,270
154,Fracture,2007,Crime, Drama, Thriller,7.2,Anthony Hopkins, Ryan Gosling, David Strathairn,$39,015,018
155,Freaky,2020,Comedy, Horror, Thriller,6.3,Vince Vaughn, Kathryn Newton, Celeste O'Connor,$9,030,855
156,Friday,1995,Comedy, Drama,7.2,Ice Cube, Chris Tucker, Nia Long,$27,467,564
157,Frozen,2013,Animation, Adventure, Comedy,7.4,Kristen Bell, Idina Menzel, Jonathan Groff,$400,953,009
158,Full Metal Jacket,1987,Drama, War,8.2,Matthew Modine, R. Lee Ermey, Vincent D'Onofrio,$46,357,676
159,Galaxy Quest,1999,Adventure, Comedy, Sci-Fi,7.4,Tim Allen, Sigourney Weaver, Alan Rickman,$71,583,916
160,Game Night,2018,Action, Adventure, Comedy,6.9,Jason Bateman, Rachel McAdams, Kyle Chandler,$69,268,230
161,Get Him to the Greek,2010,Comedy, Music,6.3,Jonah Hill, Russell Brand, Elisabeth Moss,$60,974,475
162,Get Out,2017,Horror, Mystery, Thriller,7.8,Daniel Kaluuya, Allison Williams, Bradley Whitford,$176,196,665
163,Ghost,1990,Drama, Fantasy, Romance,7.1,Patrick Swayze, Demi Moore, Tony Goldwyn,$217,631,306
164,Ghostbusters,1984,Action, Comedy, Fantasy,7.8,Bill Murray, Dan Aykroyd, Sigourney Weaver,$243,640,120
165,GI Jane,1997,Action, Drama, War,6.0,Demi Moore, Viggo Mortensen, Anne Bancroft,$48,169,156
166,Gladiator,2000,Action, Adventure, Drama,8.5,Russell Crowe, Joaquin Phoenix, Connie Nielsen,$187,705,427
167,Godzilla,2014,Action, Adventure, Sci-Fi,6.4,Aaron Taylor-Johnson, Elizabeth Olsen, Bryan Cranston,$200,676,069
168,Golden Eye,1967,Drama, Romance, Thriller,6.7,Elizabeth Taylor, Marlon Brando, Brian Keith,
169,Good Will Hunting,1997,Drama, Romance,8.3,Robin Williams, Matt Damon, Ben Affleck,$138,433,435
170,Goodfellas,1990,Biography, Crime, Drama,8.7,Robert De Niro, Ray Liotta, Joe Pesci,$46,909,721
171,Greenland,2020,Action, Adventure, Thriller,6.4,Gerard Butler, Morena Baccarin, Roger Dale Floyd,
172,Groundhog Day,1993,Comedy, Drama, Fantasy,8.0,Bill Murray, Andie MacDowell, Chris Elliott,$71,107,962
173,Grown Ups,2010,Comedy,6.0,Adam Sandler, Salma Hayek, Kevin James,$162,001,186
174,Grumpy Old Men,1993,Comedy, Drama, Romance,7.0,Jack Lemmon, Walter Matthau, Ann-Margret,$70,172,621
175,Guardians Of The Galaxy,2014,Action, Adventure, Comedy,8.0,Chris Pratt, Vin Diesel, Bradley Cooper,$333,718,600
176,Halloween,1978,Horror, Thriller,7.7,Donald Pleasence, Jamie Lee Curtis, Tony Moran,$47,160,000
177,Hancock,2008,Action, Comedy, Drama,6.4,Will Smith, Charlize Theron, Jason Bateman,$227,946,274
178,Happy Death Day,2017,Comedy, Horror, Mystery,6.6,Jessica Rothe, Israel Broussard, Ruby Modine,$55,683,845
179,Happy Gilmore,1996,Comedy, Sport,7.0,Adam Sandler, Christopher McDonald, Julie Bowen,$39,041,354
180,Hard To Kill,1990,Action, Crime, Drama,5.8,Steven Seagal, Kelly LeBrock, William Sadler,$47,410,827
181,Heat,1995,Action, Crime, Drama,8.3,Al Pacino, Robert De Niro, Val Kilmer,$67,436,818
182,Hitch,2005,Comedy, Romance,6.6,Will Smith, Eva Mendes, Kevin James,$179,495,555
183,Hollow Man,2000,Action, Horror, Sci-Fi,5.9,Kevin Bacon, Elisabeth Shue, Josh Brolin,$73,209,340
184,Home Alone,1990,Comedy, Family,7.8,Macaulay Culkin, Joe Pesci, Daniel Stern,$285,761,243
185,Homefront,2013,Action, Crime, Thriller,6.5,Jason Statham, James Franco, Winona Ryder,$20,158,898
186,Honey I Blew Up The Kid,1992,Adventure, Comedy, Family,4.9,Rick Moranis, Marcia Strassman, Robert Oliveri,$58,662,452
187,Honey I Shrunk The Kids,1989,Adventure, Comedy, Family,6.4,Rick Moranis, Matt Frewer, Marcia Strassman,$130,724,172
188,Hoosiers,1986,Drama, Sport,7.4,Gene Hackman, Barbara Hershey, Dennis Hopper,$28,607,524
189,Horrible Bosses,2011,Comedy, Crime,6.9,Jason Bateman, Charlie Day, Jason Sudeikis,$117,538,559
190,Hot Tub Time Machine,2010,Comedy, Sci-Fi,6.4,John Cusack, Rob Corddry, Craig Robinson,$50,287,556
191,House Of Wax,2005,Horror, Thriller,5.5,Chad Michael Murray, Paris Hilton, Elisha Cuthbert,$32,064,800
192,House On Haunted Hill,1999,Horror, Mystery, Thriller,5.6,Geoffrey Rush, Famke Janssen, Taye Diggs,$40,846,082
193,I Know What You Did Last Summer,1997,Horror, Mystery,5.8,Jennifer Love Hewitt, Sarah Michelle Gellar, Anne Heche,$72,586,134
194,Ice Road Truckers,2007–2017,Documentary, Adventure, Reality-TV,6.2,Alex Debogorski, Thom Beers, Hugh Rowland,
195,In Time,2011,Action, Sci-Fi, Thriller,6.7,Justin Timberlake, Amanda Seyfried, Cillian Murphy,$37,520,095
196,Inception,2010,Action, Adventure, Sci-Fi,8.8,Leonardo DiCaprio, Joseph Gordon-Levitt, Elliot Page,$292,587,330
197,Indecent Proposal,1993,Drama, Romance,6.0,Robert Redford, Demi Moore, Woody Harrelson,$106,614,059
198,Independence Day,1996,Action, Adventure, Sci-Fi,7.0,Will Smith, Bill Pullman, Jeff Goldblum,$306,169,268
199,Indiana Jones,1989,Action, Adventure, Fantasy,8.2,Harrison Ford, Sean Connery, Alison Doody,$197,171,806
200,Inglourious Basterds,2009,Adventure, Drama, War,8.4,Brad Pitt, Diane Kruger, Eli Roth,$120,540,719
201,Insidious,2010,Horror, Mystery, Thriller,6.8,Patrick Wilson, Rose Byrne, Ty Simpkins,$54,009,150
202,Interstellar,2014,Adventure, Drama, Sci-Fi,8.7,Matthew McConaughey, Anne Hathaway, Jessica Chastain,$203,227,580
203,Into The Blue,2005,Action, Adventure, Crime,5.9,Paul Walker, Jessica Alba, Scott Caan,$18,801,234
204,Invincible,2021–,Animation, Action, Adventure,8.7,Steven Yeun, J.K. Simmons, Sandra Oh,
205,Iron Man,2008,Action, Adventure, Sci-Fi,7.9,Robert Downey Jr., Gwyneth Paltrow, Terrence Howard,$319,034,126
206,Jarhead,2005,Biography, Drama, War,7.0,Jake Gyllenhaal, Jamie Foxx, Lucas Black,$62,658,220
207,Jason X,2001,Action, Horror, Sci-Fi,4.5,Kane Hodder, Lexa Doig, Jeff Geddis,$13,121,555
208,Jennifer's Body,2009,Comedy, Horror,5.6,Megan Fox, Amanda Seyfried, Adam Brody,$16,204,793
209,John Wick,2014,Action, Crime, Thriller,7.5,Keanu Reeves, Michael Nyqvist, Alfie Allen,$43,037,835
210,Jonah Hex,2010,Action, Drama, Fantasy,4.7,Josh Brolin, Megan Fox, John Malkovich,$10,547,117
211,Joy Ride,2001,Horror, Mystery, Thriller,6.6,Steve Zahn, Paul Walker, Leelee Sobieski,$21,974,919
212,Jumanji,1995,Adventure, Comedy, Family,7.1,Robin Williams, Kirsten Dunst, Bonnie Hunt,$100,499,940
213,Jumper,2008,Action, Adventure, Sci-Fi,6.1,Hayden Christensen, Samuel L. Jackson, Jamie Bell,$80,172,128
214,Jungle To Jungle,2014,Family,8.2,Weller B. Killebrew, Jill Pridemore, Amanda Wilson,
215,Juno,2007,Comedy, Drama,7.4,Elliot Page, Michael Cera, Jennifer Garner,$143,495,265
216,Jurassic Park,1993,Action, Adventure, Sci-Fi,8.2,Sam Neill, Laura Dern, Jeff Goldblum,$407,185,075
217,Just Friends,2005,Comedy, Romance,6.2,Ryan Reynolds, Amy Smart, Anna Faris,$32,619,671
218,Just Go With It,2011,Comedy, Romance,6.4,Adam Sandler, Jennifer Aniston, Brooklyn Decker,$103,028,109
219,Kickboxer,1989,Action, Sport, Thriller,6.4,Jean-Claude Van Damme, Dennis Alexio, Dennis Chan,$14,697,005
220,Kill Bill,2023,Short, Horror,,Brooke Elardo,
221,Kindergarten Cop,1990,Action, Comedy, Crime,6.3,Arnold Schwarzenegger, Penelope Ann Miller, Pamela Reed,$91,457,688
222,Knockaround Guys,2001,Crime, Drama, Thriller,6.1,Jennifer Baxter, Dennis Hopper, Vin Diesel,$11,715,637
223,Knocked Up,2007,Comedy, Romance,6.9,Seth Rogen, Katherine Heigl, Paul Rudd,$148,768,917
224,Kong: Skull Island,2017,Action, Adventure, Fantasy,6.7,Tom Hiddleston, Samuel L. Jackson, Brie Larson,$168,052,812
225,Lake Placid,1999,Action, Comedy, Horror,5.8,Bridget Fonda, Bill Pullman, Oliver Platt,$31,770,414
226,Law Abiding Citizen,2009,Action, Crime, Drama,7.4,Gerard Butler, Jamie Foxx, Leslie Bibb,$73,357,727
227,Leave It to Beaver,1957–1963,Comedy, Family,7.6,Jerry Mathers, Hugh Beaumont, Barbara Billingsley,
228,Leave The World Behind,2023,Drama, Mystery, Thriller,6.4,Julia Roberts, Mahershala Ali, Ethan Hawke,
229,Lethal Weapon,1987,Action, Crime, Thriller,7.6,Mel Gibson, Danny Glover, Gary Busey,$65,207,127
230,Lethal Weapon 3,1992,Action, Crime, Thriller,6.7,Mel Gibson, Danny Glover, Joe Pesci,$144,731,527
231,Liar Liar,1997,Comedy, Fantasy,6.9,Jim Carrey, Maura Tierney, Amanda Donohoe,$181,410,615
232,Life,2017,Horror, Sci-Fi, Thriller,6.6,Jake Gyllenhaal, Rebecca Ferguson, Ryan Reynolds,$30,234,022
233,Limitless,2011,Sci-Fi, Thriller,7.4,Bradley Cooper, Anna Friel, Abbie Cornish,$79,249,455
234,Lone Survivor,2013,Action, Biography, Drama,7.5,Mark Wahlberg, Taylor Kitsch, Emile Hirsch,$125,095,601
235,Loser,2000,Comedy, Romance,5.3,Jason Biggs, Mena Suvari, Zak Orth,$15,618,626
236,Lost And Found,2008,Animation, Adventure, Family,8.0,Jim Broadbent,
237,Lost In Space,2018–2021,Adventure, Drama, Family,7.3,Molly Parker, Toby Stephens, Maxwell Jenkins,
238,Love and Basketball,2025–,Reality-TV,,Justina ChiChi Ugwudi,
239,Love And Monsters,2020,Action, Adventure, Comedy,6.9,Dylan O'Brien, Jessica Henwick, Michael Rooker,$1,070,714
240,Lucas,1986,Comedy, Drama, Romance,6.9,Corey Haim, Kerri Green, Charlie Sheen,$8,200,000
241,Lucy,2014,Action, Sci-Fi, Thriller,6.4,Scarlett Johansson, Morgan Freeman, Choi Min-sik,$126,663,600
242,Major League II,1994,Comedy, Sport,5.6,Charlie Sheen, Tom Berenger, Corbin Bernsen,$30,626,182
243,Major Payne,1995,Adventure, Comedy, Family,6.3,Damon Wayans, Michael Ironside, Bam Bam Bigelow,$29,412,050
244,Malibu's Most Wanted,2003,Comedy, Crime,5.2,Jamie Kennedy, Ryan O'Neal, Blair Underwood,$34,432,201
245,Man Of Steel,2013,Action, Adventure, Sci-Fi,7.1,Henry Cavill, Amy Adams, Michael Shannon,$291,045,518
246,Man on a Ledge,2012,Action, Crime, Thriller,6.6,Sam Worthington, Elizabeth Banks, Jamie Bell,$18,620,000
247,Mars Attacks,1996,Comedy, Sci-Fi,6.4,Jack Nicholson, Pierce Brosnan, Sarah Jessica Parker,$37,781,197
248,Matilda,1996,Comedy, Family, Fantasy,7.0,Danny DeVito, Rhea Perlman, Mara Wilson,$33,459,416
249,Meet Joe Black,1998,Drama, Fantasy, Romance,7.2,Brad Pitt, Anthony Hopkins, Claire Forlani,$44,619,100
250,Meet The Fockers,2004,Comedy, Romance,6.4,Robert De Niro, Ben Stiller, Dustin Hoffman,$279,261,160
251,Meet The Parents,2000,Comedy, Romance,7.0,Ben Stiller, Robert De Niro, Teri Polo,$166,244,045
252,Megan,2018,Short, Horror, Sci-Fi,6.5,Matilda Lutz, Garret Sato, Ralf Moeller,
253,Men In Black,1997,Action, Adventure, Comedy,7.3,Tommy Lee Jones, Will Smith, Linda Fiorentino,$250,690,539
254,Mighty Joe Young,1998,Action, Adventure, Family,5.7,Bill Paxton, Charlize Theron, Rade Serbedzija,$50,632,037
255,Milk Money,1994,Comedy, Romance,5.7,Melanie Griffith, Ed Harris, Michael Patrick Carter,$18,137,661
256,Minority Report,2002,Action, Crime, Mystery,7.6,Tom Cruise, Colin Farrell, Samantha Morton,$132,072,926
257,Miracle,2004,Biography, Drama, History,7.5,Kurt Russell, Patricia Clarkson, Nathan West,$64,378,093
258,Misery,1990,Drama, Thriller,7.8,James Caan, Kathy Bates, Richard Farnsworth,$61,276,872
259,Mission Impossible,1996,Action, Adventure, Thriller,7.2,Tom Cruise, Jon Voight, Emmanuelle Béart,$180,981,856
260,Mission To Mars,2000,Adventure, Sci-Fi, Thriller,5.7,Tim Robbins, Gary Sinise, Don Cheadle,$60,883,407
261,Money Train,1995,Action, Comedy, Crime,5.7,Wesley Snipes, Woody Harrelson, Jennifer Lopez,$35,431,113
262,Moneyball,2011,Biography, Drama, Sport,7.6,Brad Pitt, Robin Wright, Jonah Hill,$75,605,492
263,Monster's Ball,2001,Drama, Romance,7.0,Billy Bob Thornton, Halle Berry, Taylor Simpson,$31,273,922
264,Mr. & Mrs. Smith,2005,Action, Comedy, Crime,6.5,Brad Pitt, Angelina Jolie, Adam Brody,$186,336,279
265,Mr. Deeds,2002,Comedy, Romance,5.8,Adam Sandler, Winona Ryder, John Turturro,$126,293,452
266,Mrs. Doubtfire,1993,Comedy, Drama, Family,7.1,Robin Williams, Sally Field, Pierce Brosnan,$219,195,243
267,Murder At 1600,1997,Action, Crime, Drama,6.1,Wesley Snipes, Diane Lane, Daniel Benzali,$25,804,707
268,My Cousin Vinny,1992,Comedy, Crime,7.6,Joe Pesci, Marisa Tomei, Ralph Macchio,$52,929,168
269,Mystic River,2003,Crime, Drama, Mystery,7.9,Sean Penn, Tim Robbins, Kevin Bacon,$90,135,191
270,National Security,2003,Action, Comedy, Crime,5.6,Martin Lawrence, Steve Zahn, Colm Feore,$36,381,186
271,National Treasure,2004,Action, Adventure, Mystery,6.9,Nicolas Cage, Diane Kruger, Justin Bartha,$173,008,894
272,Navy Seals,1990,Action, Adventure, Thriller,5.5,Charlie Sheen, Michael Biehn, Joanne Whalley,$25,069,101
273,Now You See Me,2013,Crime, Mystery, Thriller,7.2,Jesse Eisenberg, Common, Mark Ruffalo,$117,723,989
274,Office Space,1999,Comedy,7.6,Ron Livingston, Jennifer Aniston, David Herman,$10,827,810
275,Old,2021,Drama, Mystery, Thriller,5.8,Gael García Bernal, Vicky Krieps, Rufus Sewell,$48,276,510
276,Old School,2003,Comedy,7.0,Luke Wilson, Vince Vaughn, Will Ferrell,$75,585,093
277,Olympus Has Fallen,2013,Action, Thriller,6.5,Gerard Butler, Aaron Eckhart, Morgan Freeman,$98,925,640
278,Once Upon A Time In Hollywood,2016,Drama,,,
279,Orphan,2009,Horror, Mystery, Thriller,7.0,Vera Farmiga, Peter Sarsgaard, Isabelle Fuhrman,$41,596,251
280,Ouija,2014,Horror, Mystery, Thriller,4.5,Olivia Cooke, Ana Coto, Daren Kagasoff,$50,856,010
281,Out Of Time,2003,Crime, Drama, Mystery,6.5,Denzel Washington, Sanaa Lathan, Eva Mendes,$41,088,845
282,Outbreak,1995,Action, Drama, Thriller,6.6,Dustin Hoffman, Rene Russo, Morgan Freeman,$67,659,560
283,Pacific Rim,2013,Action, Adventure, Sci-Fi,6.9,Idris Elba, Charlie Hunnam, Rinko Kikuchi,$101,802,906
284,Pain & Gain,2013,Action, Biography, Comedy,6.4,Mark Wahlberg, Dwayne Johnson, Anthony Mackie,$49,875,291
285,Paparazzi,2004,Action, Crime, Drama,5.7,Cole Hauser, Robin Tunney, Dennis Farina,$15,714,234
286,Parasite,2019,Drama, Thriller,8.5,Song Kang-ho, Lee Sun-kyun, Cho Yeo-jeong,$53,847,897
287,Passenger 57,1992,Action, Crime, Thriller,5.9,Wesley Snipes, Bruce Payne, Tom Sizemore,$44,065,653
288,Passengers,2016,Drama, Romance, Sci-Fi,7.0,Jennifer Lawrence, Chris Pratt, Michael Sheen,$100,014,699
289,Patriot Games,1992,Action, Thriller,6.8,Harrison Ford, Sean Bean, Anne Archer,$83,351,587
290,Payback,1999,Action, Crime, Drama,7.1,Mel Gibson, Gregg Henry, Maria Bello,$81,526,121
291,Paycheck,2003,Action, Mystery, Sci-Fi,6.3,Ben Affleck, Aaron Eckhart, Uma Thurman,$53,790,451
292,Peacemaker,2022–,Action, Adventure, Comedy,8.2,John Cena, Danielle Brooks, Freddie Stroma,
293,Pearl Harbor,2001,Action, Drama, Romance,6.3,Ben Affleck, Kate Beckinsale, Josh Hartnett,$198,542,554
294,Phone Booth,2002,Crime, Thriller,7.1,Colin Farrell, Kiefer Sutherland, Forest Whitaker,$46,566,212
295,Pineapple Express,2008,Action, Comedy, Crime,6.9,Seth Rogen, James Franco, Gary Cole,$87,341,380
296,Piranha,1978,Comedy, Horror, Sci-Fi,5.9,Bradford Dillman, Heather Menzies-Urich, Kevin McCarthy,
297,The Pirates Of The Caribbean,2023,Documentary,,James B.,
298,Planes, Trains and Automobiles,,,NOT FOUND: Movie not found!,,
299,Planet Of The Apes,2001,Action, Adventure, Sci-Fi,5.7,Mark Wahlberg, Helena Bonham Carter, Tim Roth,$180,011,740
300,Pleasantville,1998,Comedy, Drama, Fantasy,7.5,Tobey Maguire, Jeff Daniels, Joan Allen,$40,584,421
301,Predator 2,1990,Action, Horror, Sci-Fi,6.3,Danny Glover, Gary Busey, Kevin Peter Hall,$30,669,413
302,Pretty Woman,1990,Comedy, Romance,7.1,Richard Gere, Julia Roberts, Jason Alexander,$178,406,268
303,Public Enemies,2009,Biography, Crime, Drama,6.9,Christian Bale, Johnny Depp, Christian Stolte,$97,104,620
304,Pulp Fiction,1994,Crime, Drama,8.8,John Travolta, Uma Thurman, Samuel L. Jackson,$107,928,762
305,Raging Bull,1980,Biography, Drama, Sport,8.1,Robert De Niro, Cathy Moriarty, Joe Pesci,$23,383,987
306,Rambo,2008,Action, Thriller,7.0,Sylvester Stallone, Julie Benz, Matthew Marsden,$42,754,105
307,Rampage,2018,Action, Adventure, Sci-Fi,6.1,Dwayne Johnson, Naomie Harris, Malin Akerman,$101,028,233
308,Ransom,1996,Action, Crime, Drama,6.7,Mel Gibson, Gary Sinise, Rene Russo,$136,492,681
309,Ready Player One,2018,Action, Adventure, Sci-Fi,7.4,Tye Sheridan, Olivia Cooke, Ben Mendelsohn,$137,715,350
310,Red Eye,2005,Thriller,6.4,Rachel McAdams, Cillian Murphy, Brian Cox,$57,891,803
311,Remember The Titans,2000,Biography, Comedy, Drama,7.8,Denzel Washington, Will Patton, Wood Harris,$115,719,751
312,Reservoir Dogs,1992,Crime, Thriller,8.3,Harvey Keitel, Tim Roth, Michael Madsen,$2,832,029
313,Richie Rich,1994,Comedy, Family,5.5,Macaulay Culkin, Edward Herrmann, John Larroquette,$38,087,756
314,Ride Along,2014,Action, Comedy, Crime,6.1,Ice Cube, Kevin Hart, Tika Sumpter,$134,938,200
315,Roadhouse,1979,Drama,,Jeff Ashby, Mark Edwards, Veronica Lang,
316,Robin Hood,2010,Action, Adventure, Drama,6.6,Russell Crowe, Cate Blanchett, Matthew Macfadyen,$105,269,730
317,RoboCop,1987,Action, Crime, Sci-Fi,7.6,Peter Weller, Nancy Allen, Dan O'Herlihy,$53,424,681
318,Rock Star,2001,Drama, Music,6.3,Mark Wahlberg, Jennifer Aniston, Dominic West,$17,008,282
319,Rocky,1976,Drama, Sport,8.1,Sylvester Stallone, Talia Shire, Burt Young,$117,235,147
320,Rocky II,1979,Drama, Sport,7.3,Sylvester Stallone, Talia Shire, Burt Young,$85,182,160
321,Rocky III,1982,Drama, Sport,6.9,Sylvester Stallone, Talia Shire, Burt Young,$125,049,125
322,Rocky IV,1985,Drama, Sport,6.9,Sylvester Stallone, Talia Shire, Burt Young,$127,873,716
323,Rocky Balboa,2006,Drama, Sport,7.1,Sylvester Stallone, Antonio Tarver, Milo Ventimiglia,$70,270,943
324,Rogue One,2017,Action, Adventure, Comedy,,Bill Corbett, Kevin Murphy, Michael J. Nelson,
325,Rookie Of The Year,1993,Comedy, Family, Fantasy,6.1,Thomas Ian Nicholas, Gary Busey, Albert Hall,$53,615,089
326,Rounders,1998,Crime, Drama,7.3,Matt Damon, Edward Norton, Gretchen Mol,$22,912,409
327,Rudy,1993,Biography, Drama, Sport,7.5,Sean Astin, Jon Favreau, Ned Beatty,$22,881,563
328,Rules Of Engagement,2000,Drama, Thriller, War,6.4,Tommy Lee Jones, Samuel L. Jackson, Guy Pearce,$61,335,230
329,Rush Hour,1998,Action, Comedy, Crime,7.0,Jackie Chan, Chris Tucker, Ken Leung,$141,186,864
330,San Andreas,2015,Action, Adventure, Thriller,6.1,Dwayne Johnson, Carla Gugino, Alexandra Daddario,$155,190,832
331,Save The Last Dance,2001,Drama, Music, Romance,6.2,Julia Stiles, Sean Patrick Thomas, Kerry Washington,$91,057,006
332,Saving Private Ryan,1998,Drama, War,8.6,Tom Hanks, Matt Damon, Tom Sizemore,$217,049,603
333,Saw,2004,Horror, Mystery, Thriller,7.6,Cary Elwes, Leigh Whannell, Danny Glover,$56,000,369
334,Scarface,1983,Crime, Drama,8.3,Al Pacino, Michelle Pfeiffer, Steven Bauer,$45,967,303
335,Scent Of A Woman,1992,Drama,8.0,Al Pacino, Chris O'Donnell, James Rebhorn,$63,095,253
336,Scream,1996,Horror, Mystery,7.4,Neve Campbell, Courteney Cox, David Arquette,$103,046,663
337,Sgt Bilko,1996,Comedy,5.9,Steve Martin, Dan Aykroyd, Phil Hartman,$30,356,793
338,Shawshank Redemption,1994,Drama,9.3,Tim Robbins, Morgan Freeman, Bob Gunton,$28,767,189
339,She's All That,1999,Comedy, Romance,5.9,Freddie Prinze Jr., Rachael Leigh Cook, Matthew Lillard,$63,366,989
340,Shooter,2007,Action, Drama, Thriller,7.2,Mark Wahlberg, Michael Peña, Rhona Mitra,$47,003,582
341,Showtime,2002,Action, Comedy, Crime,5.5,Robert De Niro, Eddie Murphy, Rene Russo,$38,082,712
342,Shutter Island,2010,Drama, Mystery, Thriller,8.2,Leonardo DiCaprio, Emily Mortimer, Mark Ruffalo,$128,012,934
343,Signs,2002,Drama, Mystery, Sci-Fi,6.8,Mel Gibson, Joaquin Phoenix, Rory Culkin,$227,966,634
344,Skyline,2010,Action, Sci-Fi, Thriller,4.5,Eric Balfour, Donald Faison, Scottie Thompson,$21,393,620
345,Skyscraper,2018,Action, Adventure, Thriller,5.8,Dwayne Johnson, Neve Campbell, Chin Han,$68,420,120
346,Slither,2006,Comedy, Horror, Sci-Fi,6.5,Nathan Fillion, Elizabeth Banks, Michael Rooker,$7,802,450
347,Slumdog Millionaire,2008,Crime, Drama, Romance,8.0,Dev Patel, Freida Pinto, Saurabh Shukla,$141,319,928
348,Smart House,1999,Comedy, Drama, Family,6.1,Katey Sagal, Ryan Merriman, Katie Volding,
349,Snowpiercer,2013,Action, Sci-Fi, Thriller,7.1,Chris Evans, Jamie Bell, Tilda Swinton,$4,563,650
350,Soldier,1998,Action, Drama, Sci-Fi,6.1,Kurt Russell, Jason Scott Lee, Jason Isaacs,$14,594,226
351,Son In Law,1993,Comedy, Drama, Romance,5.9,Pauly Shore, Carla Gugino, Lane Smith,$36,448,400
352,Source Code,2011,Action, Drama, Mystery,7.5,Jake Gyllenhaal, Michelle Monaghan, Vera Farmiga,$54,712,227
353,Southpaw,2015,Action, Drama, Sport,7.3,Jake Gyllenhaal, Rachel McAdams, Oona Laurence,$52,421,953
354,Space Jam,1996,Animation, Adventure, Comedy,6.5,Michael Jordan, Wayne Knight, Theresa Randle,$90,594,962
355,Species,1995,Action, Horror, Sci-Fi,5.9,Natasha Henstridge, Michael Madsen, Ben Kingsley,$60,074,103
356,Sphere,1998,Mystery, Sci-Fi, Thriller,6.1,Dustin Hoffman, Sharon Stone, Samuel L. Jackson,$37,020,277
357,Spider-Man,2002,Action, Adventure, Sci-Fi,7.4,Tobey Maguire, Kirsten Dunst, Willem Dafoe,$408,524,875
358,Star Trek,2009,Action, Adventure, Sci-Fi,7.9,Chris Pine, Zachary Quinto, Simon Pegg,$257,730,019
359,Star Wars: Episode III – Revenge of the Sith,2005,Action, Adventure, Fantasy,7.7,Hayden Christensen, Natalie Portman, Ewan McGregor,$414,378,291
360,Stargate,1994,Action, Adventure, Sci-Fi,7.0,Kurt Russell, James Spader, Jaye Davidson,$71,567,262
361,Starship Troopers,1997,Action, Adventure, Sci-Fi,7.3,Casper Van Dien, Denise Richards, Dina Meyer,$54,814,377
362,Step Brothers,2008,Comedy,6.9,Will Ferrell, John C. Reilly, Mary Steenburgen,$100,468,793
363,Summer Catch,2001,Comedy, Drama, Romance,5.1,Freddie Prinze Jr., Jessica Biel, Fred Ward,$19,753,553
364,Sunshine,2007,Sci-Fi, Thriller,7.2,Cillian Murphy, Rose Byrne, Chris Evans,$3,675,753
365,Super 8,2011,Action, Sci-Fi, Thriller,7.0,Elle Fanning, AJ Michalka, Kyle Chandler,$127,004,179
366,Superbad,2007,Comedy,7.6,Michael Cera, Jonah Hill, Christopher Mintz-Plasse,$121,463,226
367,Swimfan,2002,Drama, Thriller,5.1,Jesse Bradford, Erika Christensen, Shiri Appleby,$28,564,995
368,Swordfish,2001,Action, Crime, Thriller,6.5,John Travolta, Hugh Jackman, Halle Berry,$69,772,969
369,Taken,2008,Action, Crime, Thriller,7.7,Liam Neeson, Maggie Grace, Famke Janssen,$145,000,989
370,Talk To Me,2022,Horror, Thriller,7.1,Ari McCarthy, Hamish Phillips, Kit Erhart-Bruce,$48,299,436
371,Tango And Cash,2015,Short, Comedy,,Jamie Amos, Courtney Banks, Nate Beals,
372,Taxi Driver,1976,Crime, Drama,8.2,Robert De Niro, Jodie Foster, Cybill Shepherd,$28,262,574
373,Tears Of The Sun,2003,Action, Drama, Thriller,6.6,Bruce Willis, Cole Hauser, Monica Bellucci,$43,734,876
374,Ted,2012,Comedy,6.9,Mark Wahlberg, Mila Kunis, Seth MacFarlane,$218,815,487
375,Teenage Mutant Ninja Turtles,2014,Animation, Action, Adventure,5.8,Megan Fox, Will Arnett, William Fichtner,$191,204,754
376,Terminator 2,1991,Action, Adventure, Sci-Fi,8.6,Arnold Schwarzenegger, Linda Hamilton, Edward Furlong,$205,881,154
377,The 40 Year Old Virgin,2005,Comedy, Romance,7.1,Steve Carell, Catherine Keener, Paul Rudd,$109,484,237
378,The Abyss,1989,Adventure, Drama, Mystery,7.5,Ed Harris, Mary Elizabeth Mastrantonio, Michael Biehn,$54,981,151
379,The Arrival,1996,Mystery, Sci-Fi, Thriller,6.2,Charlie Sheen, Lindsay Crouse, Richard Schiff,$14,063,331
380,The Bachelor,1999,Comedy, Romance,5.1,Chris O'Donnell, Renée Zellweger, Artie Lange,$21,760,240
381,The Beverly Hillbillies,1993,Comedy, Family,5.0,Diedrich Bader, Erika Eleniak, Jim Varney,$44,029,386
382,The Big Lebowski,1998,Comedy, Crime,8.1,Jeff Bridges, John Goodman, Julianne Moore,$19,488,923
383,The Blind Side,2009,Biography, Drama, Sport,7.6,Quinton Aaron, Sandra Bullock, Tim McGraw,$255,982,860
384,The Bone Collector,1999,Crime, Drama, Mystery,6.7,Denzel Washington, Angelina Jolie, Queen Latifah,$66,518,655
385,The Book Of Eli,2010,Action, Adventure, Drama,6.8,Denzel Washington, Mila Kunis, Ray Stevenson,$94,835,059
386,The Box,2009,Drama, Mystery, Thriller,5.6,Cameron Diaz, James Marsden, Frank Langella,$15,051,977
387,The Butterfly Effect,2004,Drama, Sci-Fi, Thriller,7.6,Ashton Kutcher, Amy Smart, Melora Walters,$57,938,693
388,The Cable Guy,1996,Comedy, Drama, Thriller,6.1,Jim Carrey, Matthew Broderick, Leslie Mann,$60,240,295
389,The Cloverfield Paradox,2018,Horror, Sci-Fi, Thriller,5.5,Gugu Mbatha-Raw, David Oyelowo, Daniel Brühl,
390,The Day After Tomorrow,2004,Action, Adventure, Sci-Fi,6.5,Dennis Quaid, Jake Gyllenhaal, Emmy Rossum,$186,740,799
391,The Devil's Advocate,1997,Drama, Fantasy, Mystery,7.5,Keanu Reeves, Al Pacino, Charlize Theron,$60,944,660
392,The Edge,1997,Action, Adventure, Drama,6.9,Anthony Hopkins, Alec Baldwin, Elle Macpherson,$27,873,386
393,The Equalizer,2014,Action, Crime, Thriller,7.3,Denzel Washington, Marton Csokas, Chloë Grace Moretz,$101,530,738
394,The Expendables,2010,Action, Adventure, Thriller,6.4,Sylvester Stallone, Jason Statham, Jet Li,$103,068,524
395,The Faculty,1998,Horror, Mystery, Sci-Fi,6.6,Jordana Brewster, Clea DuVall, Laura Harris,$40,283,321
396,The Fast And The Furious,2001,Action, Crime, Thriller,6.8,Vin Diesel, Paul Walker, Michelle Rodriguez,$144,745,925
397,The Fifth Element,1997,Action, Adventure, Sci-Fi,7.6,Bruce Willis, Milla Jovovich, Gary Oldman,$63,820,180
398,The Fighter,2010,Action, Biography, Drama,7.8,Mark Wahlberg, Christian Bale, Amy Adams,$93,617,009
399,The Fugitive,1993,Action, Crime, Drama,7.8,Harrison Ford, Tommy Lee Jones, Sela Ward,$183,875,760
400,The Game,1997,Drama, Mystery, Thriller,7.7,Michael Douglas, Deborah Kara Unger, Sean Penn,$48,323,648
401,The General's Daughter,1999,Crime, Drama, Mystery,6.4,John Travolta, Madeleine Stowe, James Cromwell,$102,705,852
402,The Ghost and The Darkness,1996,Adventure, Drama, Thriller,6.8,Michael Douglas, Val Kilmer, Tom Wilkinson,$38,619,405
403,The Godfather,1972,Crime, Drama,9.2,Marlon Brando, Al Pacino, James Caan,$136,381,073
404,The Good Son,1993,Drama, Thriller,6.4,Macaulay Culkin, Elijah Wood, Wendy Crewson,$44,789,789
405,The Goonies,1985,Adventure, Comedy, Family,7.7,Sean Astin, Josh Brolin, Jeff Cohen,$64,347,714
406,The Green Mile,1999,Crime, Drama, Fantasy,8.6,Tom Hanks, Michael Clarke Duncan, David Morse,$136,801,374
407,The Haunting,1999,Fantasy, Horror, Mystery,5.0,Liam Neeson, Catherine Zeta-Jones, Owen Wilson,$91,411,151
408,The Hot Chick,2002,Comedy, Fantasy,5.6,Rob Schneider, Rachel McAdams, Anna Faris,$35,081,594
409,The Hunt For Red October,1990,Action, Adventure, Thriller,7.5,Sean Connery, Alec Baldwin, Scott Glenn,$122,012,643
410,The Hurt Locker,2008,Drama, Thriller, War,7.5,Jeremy Renner, Anthony Mackie, Brian Geraghty,$17,017,811
411,The Invisible Man,2020,Drama, Horror, Mystery,7.1,Elisabeth Moss, Oliver Jackson-Cohen, Harriet Dyer,$70,410,000
412,The Italian Job,2003,Action, Crime, Thriller,7.0,Donald Sutherland, Mark Wahlberg, Edward Norton,$106,128,601
413,The Juror,1996,Crime, Drama, Thriller,5.7,Demi Moore, Alec Baldwin, Joseph Gordon-Levitt,$22,754,725
414,The Karate Kid,1984,Action, Drama, Family,7.3,Ralph Macchio, Pat Morita, Elisabeth Shue,$91,077,276
415,The Last Samurai,2003,Action, Drama,7.8,Tom Cruise, Ken Watanabe, Billy Connolly,$111,127,263
416,The Longest Yard,2005,Comedy, Crime, Sport,6.4,Adam Sandler, Burt Reynolds, Chris Rock,$158,119,460
417,The Lost World: Jurassic Park,1997,Action, Adventure, Sci-Fi,6.6,Jeff Goldblum, Julianne Moore, Pete Postlethwaite,$229,086,679
418,The Martian,2015,Adventure, Drama, Sci-Fi,8.0,Matt Damon, Jessica Chastain, Kristen Wiig,$228,433,663
419,The Mask Of Zorro,1998,Action, Adventure, Comedy,6.8,Antonio Banderas, Anthony Hopkins, Catherine Zeta-Jones,$94,095,523
420,The Matrix,1999,Action, Sci-Fi,8.7,Keanu Reeves, Laurence Fishburne, Carrie-Anne Moss,$177,559,005
421,The Meg,2018,Action, Adventure, Horror,5.7,Jason Statham, Bingbing Li, Rainn Wilson,$145,522,784
422,The Mighty Ducks,1992,Comedy, Drama, Family,6.6,Emilio Estevez, Joss Ackland, Lane Smith,$50,752,337
423,The Mist,2007,Horror, Sci-Fi, Thriller,7.1,Thomas Jane, Marcia Gay Harden, Laurie Holden,$25,594,957
424,The Mummy,1999,Action, Adventure, Fantasy,7.1,Brendan Fraser, Rachel Weisz, John Hannah,$157,095,368
425,The Mummy Returns,2001,Action, Adventure, Fantasy,6.4,Brendan Fraser, Rachel Weisz, John Hannah,$202,019,785
426,The Negotiator,1998,Action, Crime, Drama,7.3,Samuel L. Jackson, Kevin Spacey, David Morse,$44,547,681
427,The Net,1995,Action, Crime, Drama,6.0,Sandra Bullock, Jeremy Northam, Dennis Miller,$50,727,965
428,The Nutty Professor,1996,Comedy, Romance, Sci-Fi,5.7,Eddie Murphy, Jada Pinkett Smith, James Coburn,$128,814,019
429,The Other Guys,2010,Action, Comedy, Crime,6.7,Will Ferrell, Mark Wahlberg, Derek Jeter,$119,219,978
430,The Phantom,1996,Action, Adventure, Comedy,5.1,Billy Zane, Kristy Swanson, Treat Williams,$17,323,326
431,The Platform,2019,Horror, Mystery, Sci-Fi,7.0,Ivan Massagué, Zorion Eguileor, Antonia San Juan,
432,The Program,2015,Biography, Drama, Sport,6.5,Ben Foster, Chris O'Dowd, Guillaume Canet,$13,074
433,The Proposal,2009,Comedy, Drama, Romance,6.8,Sandra Bullock, Ryan Reynolds, Mary Steenburgen,$163,958,031
434,The Punisher,2017–2019,Action, Crime, Drama,8.4,Jon Bernthal, Amber Rose Revah, Ben Barnes,
435,The Replacements,2000,Comedy, Sport,6.6,Keanu Reeves, Gene Hackman, Brooke Langton,$44,737,059
436,The Revenant,2015,Adventure, Drama, Western,8.0,Leonardo DiCaprio, Tom Hardy, Will Poulter,$183,637,894
437,The Ringer,2005,Comedy, Sport,5.8,Johnny Knoxville, Katherine Heigl, Brian Cox,$35,428,675
438,Road To Perdition,2002,Crime, Drama, Thriller,7.6,Tom Hanks, Tyler Hoechlin, Paul Newman,$104,454,762
439,The Rock,1996,Action, Adventure, Thriller,7.4,Sean Connery, Nicolas Cage, Ed Harris,$134,069,511
440,The Saint,1997,Action, Adventure, Romance,6.2,Val Kilmer, Elisabeth Shue, Rade Serbedzija,$61,363,304
441,The Sandlot,1993,Comedy, Drama, Family,7.8,Tom Guiry, Mike Vitar, Art LaFleur,$32,950,136
442,The Scorpion King,2002,Action, Adventure, Fantasy,5.5,Dwayne Johnson, Steven Brand, Michael Clarke Duncan,$91,047,077
443,The Shadow,1994,Action, Adventure, Crime,6.1,Alec Baldwin, John Lone, Penelope Ann Miller,$32,063,435
444,The Shallows,2016,Drama, Horror, Thriller,6.3,Blake Lively, Óscar Jaenada, Angelo Josue Lozano Corzo,$55,124,043
445,The Sixth Sense,1999,Drama, Mystery, Thriller,8.2,Bruce Willis, Haley Joel Osment, Toni Collette,$293,506,292
446,The Skulls,2000,Action, Crime, Drama,5.6,Joshua Jackson, Paul Walker, Hill Harper,$35,046,120
447,The Social Network,2010,Biography, Drama,7.8,Jesse Eisenberg, Andrew Garfield, Justin Timberlake,$96,962,694
448,The Specialist,1994,Action, Drama, Thriller,5.6,Sylvester Stallone, Sharon Stone, James Woods,$57,362,582
449,The Sum of All Fears,2002,Action, Drama, Thriller,6.5,Ben Affleck, Morgan Freeman, Ian Mongrain,$118,907,036
450,The Town,2010,Crime, Drama, Thriller,7.5,Ben Affleck, Rebecca Hall, Jon Hamm,$92,186,262
451,The Transporter,2002,Action, Crime, Thriller,6.8,Jason Statham, Shu Qi, Matt Schulze,$25,296,447
452,The Truman Show,1998,Comedy, Drama,8.2,Jim Carrey, Ed Harris, Laura Linney,$125,618,201
453,The Usual Suspects,1995,Crime, Drama, Mystery,8.5,Kevin Spacey, Gabriel Byrne, Chazz Palminteri,$23,341,568
454,The Wall,2017,Action, Drama, Thriller,6.2,Aaron Taylor-Johnson, John Cena, Laith Nakli,$1,803,064
455,The Whole Ten Yards,2004,Comedy, Crime, Thriller,5.5,Bruce Willis, Matthew Perry, Natasha Henstridge,$16,328,471
456,The Whole Nine Yards,2000,Comedy, Crime,6.7,Bruce Willis, Matthew Perry, Rosanna Arquette,$57,262,492
457,The Wolf Of Wall Street,2013,Biography, Comedy, Crime,8.2,Leonardo DiCaprio, Jonah Hill, Margot Robbie,$116,900,694
458,There's Something About Mary,1998,Comedy, Romance,7.1,Cameron Diaz, Matt Dillon, Ben Stiller,$176,484,651
459,This Boy's Life,1993,Biography, Drama,7.3,Robert De Niro, Leonardo DiCaprio, Ellen Barkin,$4,104,962
460,Three Kings,1999,Action, Adventure, Comedy,7.1,George Clooney, Mark Wahlberg, Ice Cube,$60,652,036
461,Time Trap,2017,Action, Adventure, Mystery,6.2,Reiley McClendon, Cassidy Gifford, Brianne Howey,
462,Tin Cup,1996,Comedy, Drama, Romance,6.4,Kevin Costner, Rene Russo, Don Johnson,$53,854,588
463,Titanic,1997,Drama, Romance,8.0,Leonardo DiCaprio, Kate Winslet, Billy Zane,$674,354,882
464,Tommy Boy,1995,Adventure, Comedy,7.1,Chris Farley, David Spade, Brian Dennehy,$32,679,899
465,Tomorrow Never Dies,1997,Action, Adventure, Thriller,6.5,Pierce Brosnan, Jonathan Pryce, Michelle Yeoh,$125,304,276
466,Top Gun,1986,Action, Drama,7.0,Tom Cruise, Tim Robbins, Kelly McGillis,$180,258,178
467,Total Recall,1990,Action, Adventure, Sci-Fi,7.5,Arnold Schwarzenegger, Sharon Stone, Michael Ironside,$119,412,921
468,Touristas,2021,Animation, Short,,,
469,Tower Heist,2011,Action, Comedy, Crime,6.2,Eddie Murphy, Ben Stiller, Casey Affleck,$78,046,570
470,Traffic,2000,Crime, Drama, Thriller,7.5,Michael Douglas, Benicio Del Toro, Catherine Zeta-Jones,$124,115,725
471,Training Day,2001,Crime, Drama, Thriller,7.8,Denzel Washington, Ethan Hawke, Scott Glenn,$76,631,907
472,Tremors,1990,Comedy, Horror,7.2,Kevin Bacon, Fred Ward, Finn Carter,$16,667,084
473,Triple Frontier,2019,Action, Adventure, Thriller,6.5,Ben Affleck, Oscar Isaac, Charlie Hunnam,
474,Tropic Thunder,2008,Action, Comedy, War,7.1,Ben Stiller, Jack Black, Robert Downey Jr.,$110,515,313
475,Troy,2004,Action, Adventure, Drama,7.3,Brad Pitt, Eric Bana, Orlando Bloom,$133,378,256
476,True Lies,1994,Action, Comedy, Thriller,7.3,Arnold Schwarzenegger, Jamie Lee Curtis, Tom Arnold,$146,282,411
477,Twins,1988,Comedy, Crime,6.2,Arnold Schwarzenegger, Danny DeVito, Kelly Preston,$111,938,388
478,Twister,1996,Action, Adventure, Thriller,6.6,Helen Hunt, Bill Paxton, Jami Gertz,$241,830,615
479,Two Can Play At That Game,2023,Short,,Jessica Dowdeswell, August Erhart,
480,Under Siege,1992,Action, Thriller,6.5,Steven Seagal, Gary Busey, Tommy Lee Jones,$83,563,139
481,Undisputed,2002,Action, Crime, Drama,6.1,Wesley Snipes, Ving Rhames, Peter Falk,$12,764,657
482,Unforgiven,1992,Drama, Western,8.2,Clint Eastwood, Gene Hackman, Morgan Freeman,$101,167,799
483,Unstoppable,2010,Action, Thriller,6.8,Denzel Washington, Chris Pine, Rosario Dawson,$81,562,942
484,Urban Legend,1998,Horror, Mystery, Thriller,5.6,Jared Leto, Alicia Witt, Rebecca Gayheart,$38,072,438
485,U.S. Marshals,1998,Action, Crime, Thriller,6.6,Tommy Lee Jones, Wesley Snipes, Robert Downey Jr.,$57,167,405
486,Venom,2018,Action, Adventure, Sci-Fi,6.6,Tom Hardy, Michelle Williams, Riz Ahmed,$213,515,506
487,Vertical Limit,2000,Action, Adventure, Drama,6.0,Scott Glenn, Chris O'Donnell, Bill Paxton,$69,243,859
488,Volcano,1997,Action, Drama, Sci-Fi,5.6,Tommy Lee Jones, Anne Heche, Gaby Hoffmann,$49,323,468
489,Walking Tall,2004,Action, Crime,6.2,Dwayne Johnson, Ashley Scott, Johnny Knoxville,$46,437,717
490,Wall Street,1987,Crime, Drama,7.3,Charlie Sheen, Tamara Tunie, Franklin Cover,$43,848,069
491,WALL-E,2022,Animation, Short,,Pepijn Hikspoors, Joe Porter,
492,War of the Worlds,2005,Action, Adventure, Sci-Fi,6.6,Tom Cruise, Dakota Fanning, Tim Robbins,$234,280,354
493,Waterworld,1995,Action, Adventure, Sci-Fi,6.3,Kevin Costner, Jeanne Tripplehorn, Dennis Hopper,$88,246,220
494,Weapons,2025,Horror, Mystery,7.4,Julia Garner, Josh Brolin, Alden Ehrenreich,$151,572,492
495,Wedding Crashers,2005,Comedy, Romance,7.0,Owen Wilson, Vince Vaughn, Rachel McAdams,$209,273,411
496,Whiplash,2014,Drama, Music,8.5,Miles Teller, J.K. Simmons, Melissa Benoist,$14,003,391
497,White Men Can't Jump,1992,Comedy, Sport,6.8,Wesley Snipes, Woody Harrelson, Rosie Perez,$76,253,806
498,White Water Summer,1987,Adventure, Drama,6.2,Kevin Bacon, Sean Astin, Jonathan Ward,$300,859
499,Wild Things,1998,Crime, Drama, Mystery,6.6,Kevin Bacon, Neve Campbell, Matt Dillon,$30,147,739
500,Wild Wild West,1999,Action, Comedy, Sci-Fi,4.9,Will Smith, Kevin Kline, Kenneth Branagh,$113,804,681
501,Wolf,1994,Drama, Horror, Romance,6.3,Jack Nicholson, Michelle Pfeiffer, James Spader,$65,002,597
502,World War Z,2013,Action, Adventure, Horror,7.0,Brad Pitt, Mireille Enos, Daniella Kertesz,$202,807,711
503,Wrath of Man,2021,Action, Crime, Thriller,7.1,Jason Statham, Holt McCallany, Josh Hartnett,$27,466,489
504,Wyatt Earp,1994,Adventure, Biography, Drama,6.7,Kevin Costner, Dennis Quaid, Gene Hackman,$25,052,000
505,Starsky & Hutch,2004,Comedy, Crime,6.1,Ben Stiller, Owen Wilson, Snoop Dogg,$88,237,754
506,He Got Game,1998,Drama, Sport,6.9,Denzel Washington, Milla Jovovich, Ray Allen,$21,567,853
507,The Players Club,1998,Comedy, Drama,5.8,LisaRaye McCoy, Dick Anthony Williams, Judyann Elder,$23,047,939
508,We're the Millers,2013,Comedy, Crime,7.0,Jason Sudeikis, Jennifer Aniston, Emma Roberts,$150,394,119
509,The Patriot,2000,Action, Drama, War,7.2,Mel Gibson, Heath Ledger, Joely Richardson,$113,330,342
510,Fun with Dick and Jane,2005,Comedy, Crime,6.2,Jim Carrey, Téa Leoni, Alec Baldwin,$110,332,737
511,School of Rock,2003,Comedy, Music,7.2,Jack Black, Mike White, Joan Cusack,$81,261,177
512,Can't Hardly Wait,1998,Comedy, Romance,6.5,Jennifer Love Hewitt, Ethan Embry, Charlie Korsmo,$25,605,015
513,Beetlejuice,1988,Comedy, Fantasy,7.4,Alec Baldwin, Geena Davis, Michael Keaton,$74,664,632
514,40 Days And 40 Nights,2002,Comedy, Romance,5.6,Josh Hartnett, Shannyn Sossamon, Paulo Costanzo,$37,950,822
515,Bloodshot,2020,Action, Adventure, Sci-Fi,5.7,Vin Diesel, Eiza González, Sam Heughan,$12,561,824
516,Road Trip,2000,Comedy,6.5,Breckin Meyer, Seann William Scott, Amy Smart,$68,540,777
517,Charlie's Angels,2000,Action, Adventure, Comedy,5.6,Cameron Diaz, Drew Barrymore, Lucy Liu,$125,305,545
518,Higher Learning,1995,Crime, Drama, Thriller,6.5,Omar Epps, Kristy Swanson, Michael Rapaport,$38,290,723
519,Final Destination,2000,Horror, Thriller,6.7,Devon Sawa, Ali Larter, Kerr Smith,$53,331,147
520,All About the Benjamins,2002,Action, Comedy, Crime,5.8,Ice Cube, Mike Epps, Tommy Flanagan,$25,916,319
521,Friday After Next,2002,Comedy, Drama,5.8,Ice Cube, Mike Epps, John Witherspoon,$33,253,609
522,The Collector,2009,Horror, Thriller,6.3,Josh Stewart, Andrea Roth, Juan Fernández,$7,712,114
523,King Kong,2005,Action, Adventure, Romance,7.2,Naomi Watts, Jack Black, Adrien Brody,$218,080,025
524,Batman,1989,Action, Adventure,7.5,Michael Keaton, Jack Nicholson, Kim Basinger,$251,409,241
525,What's Eating Gilbert Grape,1993,Drama,7.7,Johnny Depp, Leonardo DiCaprio, Juliette Lewis,$10,032,765
526,Tremors II,1996,Action, Comedy, Horror, Sci-Fi, Thriller,6.0,Fred Ward, Chris Gartin, Helen Shaver, Michael Gross,
527,The Great Outdoors,1988,Comedy,6.6,Dan Aykroyd, John Candy, Stephanie Faracy,$41,455,230
528,Alien vs. Predator,2004,Action, Adventure, Horror,5.7,Sanaa Lathan, Lance Henriksen, Raoul Bova,$80,282,231
529,Freddy vs. Jason,2003,Horror,5.8,Robert Englund, Ken Kirzinger, Kelly Rowland,$82,633,448
530,The Wedding Planner,2001,Comedy, Romance,5.4,Jennifer Lopez, Matthew McConaughey, Bridgette Wilson-Sampras,$60,400,856
531,Enter The Dragon,1973,Action, Crime, Thriller,7.6,Bruce Lee, John Saxon, Jim Kelly,$25,259
532,Black Sheep,1996,Comedy,6.2,Chris Farley, David Spade, Tim Matheson,$32,417,995
533,The Perfect Storm,2000,Action, Adventure, Drama,6.5,George Clooney, Mark Wahlberg, John C. Reilly,$182,618,434
534,Unfaithful,2002,Drama, Romance, Thriller,6.7,Richard Gere, Diane Lane, Olivier Martinez,$52,775,765
535,The Gate,1987,Fantasy, Horror,6.0,Stephen Dorff, Christa Denton, Louis Tripp,$13,539,458
539,Forever Young,1992,Drama, Romance, Sci-Fi,6.4,Mel Gibson, Jamie Lee Curtis, Elijah Wood,$55,956,187
540,Trading Places,1983,Comedy,7.5,Eddie Murphy, Dan Aykroyd, Ralph Bellamy,$90,404,800
541,Changes Lanes,,,NOT FOUND: Movie not found!,,
542,Batman V Superman,2013,Short, Comedy,8.1,Nicolas Berno, Kevin Eaton, Adrien Ménielle, Valentin Vincent,
544,Pursuit Of Happiness,2001,Comedy, Romance,5.7,Frank Whaley, Annabeth Gish, Amy Jo Johnson,$6,850
546,The Core,2003,Action, Adventure, Sci-Fi,5.5,Aaron Eckhart, Hilary Swank, Delroy Lindo,$31,186,896
560,Pirates Of The Caribbean,2003,Action, Adventure, Fantasy,8.1,Johnny Depp, Geoffrey Rush, Orlando Bloom,$305,413,918
577,Robinhood,2025,Action, Comedy, Crime,4.4,Sreeleela, Nithiin, Shine Tom Chacko,
578,Get Hime To The Greek,,,NOT FOUND: Movie not found!,,
581,Grownups,2006–2009,Comedy,4.9,Sheridan Smith, Steve Meo, Richard Mylan,
586,Monsters Ball,2013,Short, Comedy, Drama,,Destiny Washington,
588,50 Fist Dates,,,NOT FOUND: Movie not found!,,
605,Brocken City,,,NOT FOUND: Movie not found!,,
608,Longest Yard,2005,Comedy, Crime, Sport,6.4,Adam Sandler, Burt Reynolds, Chris Rock,$158,119,460
613,Babble,2010,Documentary, Short, Comedy,6.0,Danni DanDan Gadigan,
615,The Whole 10 Yards,,,NOT FOUND: Movie not found!,,
626,The Road To Perdition,,,NOT FOUND: Movie not found!,,
629,Love And Basteball,,,NOT FOUND: Movie not found!,,
632,Striptease,1996,Comedy, Crime, Drama,4.6,Demi Moore, Burt Reynolds, Armand Assante,$33,109,743
633,O,2001,Drama, Romance, Thriller,6.1,Mekhi Phifer, Julia Stiles, Martin Sheen,$16,025,437
634,The Interview,2014,Action, Adventure, Comedy,6.5,James Franco, Seth Rogen, Randall Park,$6,105,175
640,Charlie’s Angles,,,NOT FOUND: Movie not found!,,
